text,label
This movie was fantastic and I really enjoyed it,1
The film was terrible and boring,0
What a wonderful and enjoyable movie,1
This was a bad and dull film,0
I loved this great story,1
I hated this awful story,0
The acting was excellent and fun,1
The acting was poor and tedious,0
A beautiful film with a great ending,1
An ugly movie with a disappointing ending,0
This movie made me happy,1
This film made me unhappy,0
I would gladly watch this again,1
I would never watch this again,0
The story was exciting and moving,1
The story was slow and boring,0
